trial,alpha,V,delta_V,lambda,theta,dataset_id,alpha1,alpha2,V1,V2,delta_V1,delta_V2,alpha1_init,alpha2_init,phase
1,0.505,0.05,0.05,1.0,0.1,Basic_1,,,,,,,,,
2,0.5147975,0.097975,0.047975000000000004,1.0,0.1,Basic_1,,,,,,,,,
3,0.529238602149375,0.14441102149375,0.04643602149375,1.0,0.1,Basic_1,,,,,,,,,
4,0.5482078114487406,0.18969209299365597,0.04528107149990594,1.0,0.1,Basic_1,,,,,,,,,
5,0.5716191919911018,0.2341138054236117,0.044421712429955754,1.0,0.1,Basic_1,,,,,,,,,
6,0.5994085250104719,0.2778933301937012,0.043779524770089485,1.0,0.1,Basic_1,,,,,,,,,
7,0.6315262269683303,0.32117701957858297,0.043283689384881745,1.0,0.1,Basic_1,,,,,,,,,
8,0.667930874082238,0.3640464711390764,0.04286945156049342,1.0,0.1,Basic_1,,,,,,,,,
9,0.7085832511602232,0.40652377077985247,0.042477299640776046,1.0,0.1,Basic_1,,,,,,,,,
10,0.7534409013980797,0.44857650237856467,0.04205273159871221,1.0,0.1,Basic_1,,,,,,,,,
11,0.8024532018069359,0.4901230040885623,0.041546501709997616,1.0,0.1,Basic_1,,,,,,,,,
12,0.8555570264947605,0.5310382468782459,0.040915242789683524,1.0,0.1,Basic_1,,,,,,,,,
13,0.9126730864129913,0.5711605991823077,0.0401223523040618,1.0,0.1,Basic_1,,,,,,,,,
14,0.9737030481264198,0.6102996171342858,0.03913901795197811,1.0,0.1,Basic_1,,,,,,,,,
15,1.0,0.6482448621995237,0.03794524506523787,1.0,0.1,Basic_1,,,,,,,,,
16,1.0,0.6834203759795714,0.03517551378004763,1.0,0.1,Basic_1,,,,,,,,,
17,1.0,0.7150783383816143,0.03165796240204286,1.0,0.1,Basic_1,,,,,,,,,
18,1.0,0.7435705045434529,0.028492166161838573,1.0,0.1,Basic_1,,,,,,,,,
19,1.0,0.7692134540891076,0.025642949545654714,1.0,0.1,Basic_1,,,,,,,,,
20,1.0,0.7922921086801968,0.023078654591089244,1.0,0.1,Basic_1,,,,,,,,,
21,1.0,0.8130628978121771,0.020770789131980317,1.0,0.1,Basic_1,,,,,,,,,
22,1.0,0.8317566080309594,0.01869371021878229,1.0,0.1,Basic_1,,,,,,,,,
23,1.0,0.8485809472278635,0.01682433919690406,1.0,0.1,Basic_1,,,,,,,,,
24,1.0,0.8637228525050771,0.015141905277213652,1.0,0.1,Basic_1,,,,,,,,,
25,1.0,0.8773505672545694,0.013627714749492294,1.0,0.1,Basic_1,,,,,,,,,
1,0.52,0.1,0.1,1.0,0.2,Basic_2,,,,,,,,,
2,0.55872,0.19360000000000002,0.09360000000000002,1.0,0.2,Basic_2,,,,,,,,,
3,0.61546207232,0.2837103616,0.09011036160000001,1.0,0.2,Basic_2,,,,,,,,,
4,0.6898381088492404,0.3718801826462015,0.0881698210462015,1.0,0.2,Basic_2,,,,,,,,,
5,0.7815461848558436,0.45854038003301645,0.08666019738681494,1.0,0.2,Basic_2,,,,,,,,,
6,0.8901812888719945,0.5431755200807546,0.08463514004773819,1.0,0.2,Basic_2,,,,,,,,,
7,1.0,0.6245068409453132,0.08133132086455848,1.0,0.2,Basic_2,,,,,,,,,
8,1.0,0.6996054727562505,0.07509863181093737,1.0,0.2,Basic_2,,,,,,,,,
9,1.0,0.7596843782050005,0.0600789054487499,1.0,0.2,Basic_2,,,,,,,,,
10,1.0,0.8077475025640004,0.04806312435899991,1.0,0.2,Basic_2,,,,,,,,,
11,1.0,0.8461980020512003,0.03845049948719992,1.0,0.2,Basic_2,,,,,,,,,
12,1.0,0.8769584016409603,0.030760399589759936,1.0,0.2,Basic_2,,,,,,,,,
13,1.0,0.9015667213127683,0.024608319671807946,1.0,0.2,Basic_2,,,,,,,,,
14,1.0,0.9212533770502146,0.019686655737446348,1.0,0.2,Basic_2,,,,,,,,,
15,1.0,0.9370027016401716,0.015749324589957082,1.0,0.2,Basic_2,,,,,,,,,
16,1.0,0.9496021613121373,0.012599459671965674,1.0,0.2,Basic_2,,,,,,,,,
17,1.0,0.9596817290497098,0.01007956773757255,1.0,0.2,Basic_2,,,,,,,,,
18,1.0,0.9677453832397679,0.008063654190058034,1.0,0.2,Basic_2,,,,,,,,,
19,1.0,0.9741963065918143,0.006450923352046423,1.0,0.2,Basic_2,,,,,,,,,
20,1.0,0.9793570452734515,0.005160738681637134,1.0,0.2,Basic_2,,,,,,,,,
21,1.0,0.9834856362187612,0.004128590945309707,1.0,0.2,Basic_2,,,,,,,,,
22,1.0,0.9867885089750089,0.003302872756247766,1.0,0.2,Basic_2,,,,,,,,,
23,1.0,0.9894308071800071,0.002642298204998217,1.0,0.2,Basic_2,,,,,,,,,
24,1.0,0.9915446457440057,0.0021138385639985825,1.0,0.2,Basic_2,,,,,,,,,
25,1.0,0.9932357165952046,0.0016910708511988616,1.0,0.2,Basic_2,,,,,,,,,
1,0.545,0.15,0.15,1.0,0.3,Basic_3,,,,,,,,,
2,0.6316925,0.288975,0.13897500000000002,1.0,0.3,Basic_3,,,,,,,,,
3,0.758808424383125,0.42371974794375,0.13474474794375,1.0,0.3,Basic_3,,,,,,,,,
4,0.9252801166721822,0.554905640963524,0.13118589301977396,1.0,0.3,Basic_3,,,,,,,,,
5,1.0,0.6784567291013442,0.1235510881378202,1.0,0.3,Basic_3,,,,,,,,,
6,1.0,0.774919710370941,0.09646298126959672,1.0,0.3,Basic_3,,,,,,,,,
7,1.0,0.8424437972596587,0.06752408688871771,1.0,0.3,Basic_3,,,,,,,,,
8,1.0,0.8897106580817611,0.047266860822102394,1.0,0.3,Basic_3,,,,,,,,,
9,1.0,0.9227974606572328,0.033086802575471676,1.0,0.3,Basic_3,,,,,,,,,
10,1.0,0.9459582224600629,0.023160761802830165,1.0,0.3,Basic_3,,,,,,,,,
11,1.0,0.962170755722044,0.016212533261981132,1.0,0.3,Basic_3,,,,,,,,,
12,1.0,0.9735195290054308,0.011348773283386793,1.0,0.3,Basic_3,,,,,,,,,
13,1.0,0.9814636703038015,0.007944141298370755,1.0,0.3,Basic_3,,,,,,,,,
14,1.0,0.9870245692126611,0.005560898908859535,1.0,0.3,Basic_3,,,,,,,,,
15,1.0,0.9909171984488628,0.003892629236201661,1.0,0.3,Basic_3,,,,,,,,,
16,1.0,0.993642038914204,0.0027248404653411494,1.0,0.3,Basic_3,,,,,,,,,
17,1.0,0.9955494272399428,0.0019073883257388013,1.0,0.3,Basic_3,,,,,,,,,
18,1.0,0.9968845990679599,0.0013351718280171676,1.0,0.3,Basic_3,,,,,,,,,
19,1.0,0.9978192193475719,0.0009346202796120306,1.0,0.3,Basic_3,,,,,,,,,
20,1.0,0.9984734535433003,0.0006542341957284315,1.0,0.3,Basic_3,,,,,,,,,
21,1.0,0.9989314174803102,0.00045796393700990866,1.0,0.3,Basic_3,,,,,,,,,
22,1.0,0.9992519922362172,0.0003205747559069327,1.0,0.3,Basic_3,,,,,,,,,
23,1.0,0.999476394565352,0.00022440232913484293,1.0,0.3,Basic_3,,,,,,,,,
24,1.0,0.9996334761957464,0.0001570816303944067,1.0,0.3,Basic_3,,,,,,,,,
25,1.0,0.9997434333370224,0.00010995714127608468,1.0,0.3,Basic_3,,,,,,,,,
1,0.58,0.2,0.2,1.0,0.4,Basic_4,,,,,,,,,
2,0.73424,0.3856,0.1856,1.0,0.4,Basic_4,,,,,,,,,
3,0.96065872896,0.5660468224,0.1804468224,1.0,0.4,Basic_4,,,,,,,,,
4,1.0,0.7327991856085477,0.16675236320854767,1.0,0.4,Basic_4,,,,,,,,,
5,1.0,0.8396795113651286,0.10688032575658091,1.0,0.4,Basic_4,,,,,,,,,
6,1.0,0.9038077068190772,0.06412819545394854,1.0,0.4,Basic_4,,,,,,,,,
7,1.0,0.9422846240914463,0.03847691727236913,1.0,0.4,Basic_4,,,,,,,,,
8,1.0,0.9653707744548677,0.023086150363421477,1.0,0.4,Basic_4,,,,,,,,,
9,1.0,0.9792224646729206,0.013851690218052904,1.0,0.4,Basic_4,,,,,,,,,
10,1.0,0.9875334788037524,0.008311014130831752,1.0,0.4,Basic_4,,,,,,,,,
11,1.0,0.9925200872822515,0.004986608478499033,1.0,0.4,Basic_4,,,,,,,,,
12,1.0,0.9955120523693509,0.002991965087099402,1.0,0.4,Basic_4,,,,,,,,,
13,1.0,0.9973072314216106,0.0017951790522596324,1.0,0.4,Basic_4,,,,,,,,,
14,1.0,0.9983843388529664,0.0010771074313557615,1.0,0.4,Basic_4,,,,,,,,,
15,1.0,0.9990306033117798,0.0006462644588134392,1.0,0.4,Basic_4,,,,,,,,,
16,1.0,0.9994183619870679,0.0003877586752880635,1.0,0.4,Basic_4,,,,,,,,,
17,1.0,0.9996510171922407,0.00023265520517283813,1.0,0.4,Basic_4,,,,,,,,,
18,1.0,0.9997906103153444,0.00013959312310372063,1.0,0.4,Basic_4,,,,,,,,,
19,1.0,0.9998743661892067,8.37558738622235e-05,1.0,0.4,Basic_4,,,,,,,,,
20,1.0,0.999924619713524,5.02535243173341e-05,1.0,0.4,Basic_4,,,,,,,,,
21,1.0,0.9999547718281144,3.015211459040934e-05,1.0,0.4,Basic_4,,,,,,,,,
22,1.0,0.9999728630968686,1.809126875422784e-05,1.0,0.4,Basic_4,,,,,,,,,
23,1.0,0.9999837178581211,1.0854761252554469e-05,1.0,0.4,Basic_4,,,,,,,,,
24,1.0,0.9999902307148727,6.512856751550445e-06,1.0,0.4,Basic_4,,,,,,,,,
25,1.0,0.9999941384289236,3.907714050921385e-06,1.0,0.4,Basic_4,,,,,,,,,
1,0.625,0.25,0.25,1.0,0.5,Basic_5,,,,,,,,,
2,0.8671875,0.484375,0.234375,1.0,0.5,Basic_5,,,,,,,,,
3,1.0,0.70794677734375,0.22357177734375,1.0,0.5,Basic_5,,,,,,,,,
4,1.0,0.853973388671875,0.146026611328125,1.0,0.5,Basic_5,,,,,,,,,
5,1.0,0.9269866943359375,0.0730133056640625,1.0,0.5,Basic_5,,,,,,,,,
6,1.0,0.9634933471679688,0.03650665283203125,1.0,0.5,Basic_5,,,,,,,,,
7,1.0,0.9817466735839844,0.018253326416015625,1.0,0.5,Basic_5,,,,,,,,,
8,1.0,0.9908733367919922,0.009126663208007812,1.0,0.5,Basic_5,,,,,,,,,
9,1.0,0.9954366683959961,0.004563331604003906,1.0,0.5,Basic_5,,,,,,,,,
10,1.0,0.997718334197998,0.002281665802001953,1.0,0.5,Basic_5,,,,,,,,,
11,1.0,0.998859167098999,0.0011408329010009766,1.0,0.5,Basic_5,,,,,,,,,
12,1.0,0.9994295835494995,0.0005704164505004883,1.0,0.5,Basic_5,,,,,,,,,
13,1.0,0.9997147917747498,0.00028520822525024414,1.0,0.5,Basic_5,,,,,,,,,
14,1.0,0.9998573958873749,0.00014260411262512207,1.0,0.5,Basic_5,,,,,,,,,
15,1.0,0.9999286979436874,7.130205631256104e-05,1.0,0.5,Basic_5,,,,,,,,,
16,1.0,0.9999643489718437,3.565102815628052e-05,1.0,0.5,Basic_5,,,,,,,,,
17,1.0,0.9999821744859219,1.782551407814026e-05,1.0,0.5,Basic_5,,,,,,,,,
18,1.0,0.9999910872429609,8.91275703907013e-06,1.0,0.5,Basic_5,,,,,,,,,
19,1.0,0.9999955436214805,4.456378519535065e-06,1.0,0.5,Basic_5,,,,,,,,,
20,1.0,0.9999977718107402,2.2281892597675323e-06,1.0,0.5,Basic_5,,,,,,,,,
21,1.0,0.9999988859053701,1.1140946298837662e-06,1.0,0.5,Basic_5,,,,,,,,,
22,1.0,0.9999994429526851,5.570473149418831e-07,1.0,0.5,Basic_5,,,,,,,,,
23,1.0,0.9999997214763425,2.7852365747094154e-07,1.0,0.5,Basic_5,,,,,,,,,
24,1.0,0.9999998607381713,1.3926182873547077e-07,1.0,0.5,Basic_5,,,,,,,,,
25,1.0,0.9999999303690856,6.963091436773539e-08,1.0,0.5,Basic_5,,,,,,,,,
1,,,,1.0,0.1,Overshadowing_1,0.705,0.195,0.06999999999999999,0.020000000000000004,0.06999999999999999,0.020000000000000004,0.7,0.2,
2,,,,1.0,0.1,Overshadowing_1,0.7146454999999999,0.1853545,0.135565,0.039110000000000006,0.065565,0.019110000000000002,0.7,0.2,
3,,,,1.0,0.1,Overshadowing_1,0.7286875929728749,0.171312407027125,0.19734145827924998,0.056920528550500005,0.061776458279250004,0.017810528550500002,0.7,0.2,
4,,,,1.0,0.1,Overshadowing_1,0.7469629470104872,0.1530370529895127,0.2558301903538111,0.07307664997768827,0.05848873207456112,0.016156121427188266,0.7,0.2,
5,,,,1.0,0.1,Overshadowing_1,0.7693784376106492,0.13062156238935071,0.31141691776276614,0.08726201176114638,0.055586727408955046,0.014185361783458117,0.7,0.2,
6,,,,1.0,0.1,Overshadowing_1,0.7958995053498205,0.10410049465017938,0.36439501536044694,0.09918433796873358,0.052978097597680816,0.011922326207587187,0.7,0.2,
7,,,,1.0,0.1,Overshadowing_1,0.826541596457656,0.07345840354234387,0.414982784647697,0.10856187356934194,0.050587769287250055,0.009377535600608364,0.7,0.2,
8,,,,1.0,0.1,Overshadowing_1,0.8613642619805728,0.03863573801942706,0.4633368909609475,0.11511023573177936,0.048354106313250496,0.006548362162437425,0.7,0.2,
9,,,,1.0,0.1,Overshadowing_1,0.9004676680409025,0.01,0.5095631332459098,0.11852907264261332,0.04622624228496232,0.003418836910833954,0.7,0.2,
10,,,,1.0,0.1,Overshadowing_1,0.9438991524257698,0.01,0.5537253874186441,0.1194105435699707,0.04416225417273424,0.0008814709273573866,0.7,0.2,
11,,,,1.0,0.1,Overshadowing_1,0.9914549601506409,0.01,0.5958492102751122,0.12029113302640074,0.04212382285646807,0.0008805894564300293,0.7,0.2,
12,,,,1.0,0.1,Overshadowing_1,1.0,0.01,0.6359189407872661,0.12117084189337433,0.04006973051215387,0.0008797088669735993,0.7,0.2,
13,,,,1.0,0.1,Overshadowing_1,1.0,0.01,0.6723270467085395,0.12204967105148096,0.036408105921273394,0.0008788291581066257,0.7,0.2,
14,,,,1.0,0.1,Overshadowing_1,1.0,0.01,0.7050943420376855,0.12292762138042948,0.03276729532914605,0.0008779503289485191,0.7,0.2,
15,,,,1.0,0.1,Overshadowing_1,1.0,0.01,0.734584907833917,0.12380469375904905,0.029490565796231452,0.0008770723786195706,0.7,0.2,
16,,,,1.0,0.1,Overshadowing_1,1.0,0.01,0.7611264170505252,0.12468088906529,0.026541509216608306,0.000876195306240951,0.7,0.2,
17,,,,1.0,0.1,Overshadowing_1,1.0,0.01,0.7850137753454727,0.1255562081762247,0.02388735829494748,0.00087531911093471,0.7,0.2,
18,,,,1.0,0.1,Overshadowing_1,1.0,0.01,0.8065123978109254,0.12643065196804848,0.021498622465452734,0.0008744437918237753,0.7,0.2,
19,,,,1.0,0.1,Overshadowing_1,1.0,0.01,0.8258611580298328,0.12730422131608043,0.019348760218907458,0.0008735693480319515,0.7,0.2,
20,,,,1.0,0.1,Overshadowing_1,1.0,0.01,0.8432750422268496,0.12817691709476436,0.017413884197016716,0.0008726957786839196,0.7,0.2,
21,,,,1.0,0.1,Overshadowing_1,1.0,0.01,0.8589475380041646,0.1290487401776696,0.015672495777315044,0.0008718230829052356,0.7,0.2,
22,,,,1.0,0.1,Overshadowing_1,1.0,0.01,0.8730527842037481,0.12991969143749194,0.014105246199583544,0.0008709512598223303,0.7,0.2,
23,,,,1.0,0.1,Overshadowing_1,1.0,0.01,0.8857475057833732,0.13078977174605444,0.01269472157962519,0.0008700803085625081,0.7,0.2,
24,,,,1.0,0.1,Overshadowing_1,1.0,0.01,0.8971727552050359,0.1316589819743084,0.011425249421662675,0.0008692102282539456,0.7,0.2,
25,,,,1.0,0.1,Overshadowing_1,1.0,0.01,0.9074554796845323,0.13252732299233408,0.010282724479496408,0.0008683410180256916,0.7,0.2,
26,,,,1.0,0.1,Overshadowing_1,1.0,0.01,0.9167099317160791,0.13339479566934173,0.009254452031546767,0.000867472677007666,0.7,0.2,
27,,,,1.0,0.1,Overshadowing_1,1.0,0.01,0.9250389385444712,0.1342614008736724,0.008329006828392094,0.0008666052043306583,0.7,0.2,
28,,,,1.0,0.1,Overshadowing_1,1.0,0.01,0.932535044690024,0.13512713947279872,0.007496106145552884,0.0008657385991263276,0.7,0.2,
29,,,,1.0,0.1,Overshadowing_1,1.0,0.01,0.9392815402210216,0.13599201233332592,0.006746495530997598,0.0008648728605272013,0.7,0.2,
30,,,,1.0,0.1,Overshadowing_1,1.0,0.01,0.9453533861989194,0.1368560203209926,0.006071845977897838,0.0008640079876666741,0.7,0.2,
1,,,,1.0,0.2,Overshadowing_2,0.8200000000000001,0.27999999999999997,0.16000000000000003,0.06,0.16000000000000003,0.06,0.8,0.3,
2,,,,1.0,0.2,Overshadowing_2,0.8570240000000001,0.24297599999999997,0.29776,0.11263999999999999,0.13776000000000002,0.05263999999999999,0.8,0.3,
3,,,,1.0,0.2,Overshadowing_2,0.9094971740160002,0.19050282598399995,0.41812730675200005,0.155761436672,0.12036730675200001,0.043121436672,0.8,0.3,
4,,,,1.0,0.2,Overshadowing_2,0.9767056175530994,0.12329438244690079,0.523969620781227,0.18792740309573122,0.10584231402922697,0.03216596642373123,0.8,0.3,
5,,,,1.0,0.2,Overshadowing_2,1.0,0.04149323666293982,0.6169579298830086,0.20795220096320377,0.09298830910178156,0.020024797867472563,0.8,0.3,
6,,,,1.0,0.2,Overshadowing_2,1.0,0.01,0.6935663439064068,0.21452512631796264,0.0766084140233983,0.006572925354758876,0.8,0.3,
7,,,,1.0,0.2,Overshadowing_2,1.0,0.01,0.7548530751251255,0.21609607606532671,0.06128673121871864,0.0015709497473640748,0.8,0.3,
8,,,,1.0,0.2,Overshadowing_2,1.0,0.01,0.8038824601001003,0.21766388391319605,0.049029384974974916,0.0015678078478693464,0.8,0.3,
9,,,,1.0,0.2,Overshadowing_2,1.0,0.01,0.8431059680800803,0.21922855614536965,0.039223507979979935,0.001564672232173608,0.8,0.3,
10,,,,1.0,0.2,Overshadowing_2,1.0,0.01,0.8744847744640643,0.22079009903307892,0.03137880638398394,0.0015615428877092609,0.8,0.3,
11,,,,1.0,0.2,Overshadowing_2,1.0,0.01,0.8995878195712514,0.22234851883501275,0.025103045107187152,0.0015584198019338422,0.8,0.3,
12,,,,1.0,0.2,Overshadowing_2,1.0,0.01,0.9196702556570011,0.22390382179734272,0.02008243608574971,0.0015553029623299745,0.8,0.3,
13,,,,1.0,0.2,Overshadowing_2,1.0,0.01,0.9357362045256009,0.22545601415374802,0.01606594886859978,0.0015521923564053147,0.8,0.3,
14,,,,1.0,0.2,Overshadowing_2,1.0,0.01,0.9485889636204807,0.22700510212544053,0.012852759094879818,0.001549087971692504,0.8,0.3,
15,,,,1.0,0.2,Overshadowing_2,1.0,0.01,0.9588711708963846,0.22855109192118966,0.010282207275903855,0.001545989795749119,0.8,0.3,
16,,,,1.0,0.2,Overshadowing_2,1.0,0.01,0.9670969367171077,0.2300939897373473,0.008225765820723074,0.0015428978161576205,0.8,0.3,
17,,,,1.0,0.2,Overshadowing_2,1.0,0.01,0.9736775493736862,0.2316338017578726,0.006580612656578455,0.0015398120205253054,0.8,0.3,
18,,,,1.0,0.2,Overshadowing_2,1.0,0.01,0.978942039498949,0.23317053415435685,0.005264490125262755,0.0015367323964842548,0.8,0.3,
19,,,,1.0,0.2,Overshadowing_2,1.0,0.01,0.9831536315991591,0.23470419308604812,0.004211592100210204,0.0015336589316912864,0.8,0.3,
20,,,,1.0,0.2,Overshadowing_2,1.0,0.01,0.9865229052793273,0.23623478469987602,0.0033692736801681725,0.0015305916138279039,0.8,0.3,
21,,,,1.0,0.2,Overshadowing_2,1.0,0.01,0.9892183242234618,0.23776231513047627,0.0026954189441345425,0.001527530430600248,0.8,0.3,
22,,,,1.0,0.2,Overshadowing_2,1.0,0.01,0.9913746593787695,0.2392867905002153,0.0021563351553076427,0.0015244753697390475,0.8,0.3,
23,,,,1.0,0.2,Overshadowing_2,1.0,0.01,0.9930997275030156,0.2408082169192149,0.0017250681242461097,0.0015214264189995694,0.8,0.3,
24,,,,1.0,0.2,Overshadowing_2,1.0,0.01,0.9944797820024125,0.24232660048537646,0.001380054499396888,0.0015183835661615702,0.8,0.3,
25,,,,1.0,0.2,Overshadowing_2,1.0,0.01,0.99558382560193,0.24384194728440572,0.0011040435995175013,0.0015153467990292472,0.8,0.3,
26,,,,1.0,0.2,Overshadowing_2,1.0,0.01,0.996467060481544,0.2453542633898369,0.0008832348796139922,0.0015123161054311884,0.8,0.3,
27,,,,1.0,0.2,Overshadowing_2,1.0,0.01,0.9971736483852351,0.24686355486305722,0.0007065879036912027,0.0015092914732203263,0.8,0.3,
28,,,,1.0,0.2,Overshadowing_2,1.0,0.01,0.9977389187081881,0.2483698277533311,0.000565270322952971,0.0015062728902738856,0.8,0.3,
29,,,,1.0,0.2,Overshadowing_2,1.0,0.01,0.9981911349665504,0.24987308809782444,0.00045221625836238126,0.001503260344493338,0.8,0.3,
30,,,,1.0,0.2,Overshadowing_2,1.0,0.01,0.9985529079732404,0.2513733419216288,0.0003617730066899139,0.0015002538238043513,0.8,0.3,
1,,,,1.0,0.3,Overshadowing_3,0.972,0.02800000000000001,0.27,0.03,0.27,0.03,0.9,0.1,
2,,,,1.0,0.3,Overshadowing_3,1.0,0.01,0.48286799999999996,0.038148,0.21286799999999997,0.008148000000000002,0.9,0.1,
3,,,,1.0,0.3,Overshadowing_3,1.0,0.01,0.6380076,0.041033556,0.15513960000000002,0.002885556,0.9,0.1,
4,,,,1.0,0.3,Overshadowing_3,1.0,0.01,0.74660532,0.043910455332,0.10859772,0.002876899332,0.9,0.1,
5,,,,1.0,0.3,Overshadowing_3,1.0,0.01,0.8226237240000001,0.046778723966004,0.076018404,0.002868268634004,0.9,0.1,
6,,,,1.0,0.3,Overshadowing_3,1.0,0.01,0.8758366068000001,0.04963838779410599,0.05321288279999998,0.002859663828101988,0.9,0.1,
7,,,,1.0,0.3,Overshadowing_3,1.0,0.01,0.9130856247600001,0.05248947263072367,0.03724901795999997,0.002851084836617682,0.9,0.1,
8,,,,1.0,0.3,Overshadowing_3,1.0,0.01,0.9391599373320001,0.0553320042128315,0.026074312571999967,0.002842531582107829,0.9,0.1,
9,,,,1.0,0.3,Overshadowing_3,1.0,0.01,0.9574119561324,0.058166008200193006,0.01825201880039997,0.002834003987361506,0.9,0.1,
10,,,,1.0,0.3,Overshadowing_3,1.0,0.01,0.97018836929268,0.06099151017559243,0.012776413160279986,0.002825501975399421,0.9,0.1,
11,,,,1.0,0.3,Overshadowing_3,1.0,0.01,0.979131858504876,0.06380853564506565,0.008943489212195987,0.002817025469473223,0.9,0.1,
12,,,,1.0,0.3,Overshadowing_3,1.0,0.01,0.9853923009534132,0.06661711003813045,0.006260442448537185,0.0028085743930648032,0.9,0.1,
13,,,,1.0,0.3,Overshadowing_3,1.0,0.01,0.9897746106673893,0.06941725870801606,0.004382309713976029,0.002800148669885609,0.9,0.1,
14,,,,1.0,0.3,Overshadowing_3,1.0,0.01,0.9928422274671724,0.07220900693189201,0.0030676167997832236,0.0027917482238759518,0.9,0.1,
15,,,,1.0,0.3,Overshadowing_3,1.0,0.01,0.9949895592270207,0.07499237991109634,0.00214733175984827,0.002783372979204324,0.9,0.1,
16,,,,1.0,0.3,Overshadowing_3,1.0,0.01,0.9964926914589145,0.07776740277136304,0.001503132231893789,0.002775022860266711,0.9,0.1,
17,,,,1.0,0.3,Overshadowing_3,1.0,0.01,0.9975448840212402,0.08053410056304895,0.001052192562325649,0.0027666977916859107,0.9,0.1,
18,,,,1.0,0.3,Overshadowing_3,1.0,0.01,0.9982814188148681,0.0832924982613598,0.0007365347936279409,0.0027583976983108533,0.9,0.1,
19,,,,1.0,0.3,Overshadowing_3,1.0,0.01,0.9987969931704077,0.08604262076657572,0.0005155743555395719,0.002750122505215921,0.9,0.1,
20,,,,1.0,0.3,Overshadowing_3,1.0,0.01,0.9991578952192854,0.088784492904276,0.0003609020488776871,0.002741872137700273,0.9,0.1,
21,,,,1.0,0.3,Overshadowing_3,1.0,0.01,0.9994105266534998,0.09151813942556317,0.0002526314342143676,0.002733646521287172,0.9,0.1,
22,,,,1.0,0.3,Overshadowing_3,1.0,0.01,0.9995873686574499,0.09424358500728648,0.00017684200395005068,0.0027254455817233105,0.9,0.1,
23,,,,1.0,0.3,Overshadowing_3,1.0,0.01,0.9997111580602149,0.09696085425226462,0.0001237894027650288,0.0027172692449781407,0.9,0.1,
24,,,,1.0,0.3,Overshadowing_3,1.0,0.01,0.9997978106421505,0.09966997168950784,8.665258193552017e-05,0.002709117437243206,0.9,0.1,
25,,,,1.0,0.3,Overshadowing_3,1.0,0.01,0.9998584674495054,0.10237096177443931,6.065680735486411e-05,0.0027009900849314762,0.9,0.1,
26,,,,1.0,0.3,Overshadowing_3,1.0,0.01,0.9999009272146537,0.10506384888911599,4.245976514839489e-05,0.0026928871146766824,0.9,0.1,
27,,,,1.0,0.3,Overshadowing_3,1.0,0.01,0.9999306490502576,0.10774865734244864,2.9721835603879752e-05,0.002684808453332652,0.9,0.1,
28,,,,1.0,0.3,Overshadowing_3,1.0,0.01,0.9999514543351804,0.11042541137042129,2.0805284922709166e-05,0.002676754027972654,0.9,0.1,
29,,,,1.0,0.3,Overshadowing_3,1.0,0.01,0.9999660180346263,0.11309413513631003,1.4563699445879763e-05,0.002668723765888736,0.9,0.1,
30,,,,1.0,0.3,Overshadowing_3,1.0,0.01,0.9999762126242384,0.1157548527309011,1.0194589612122495e-05,0.00266071759459107,0.9,0.1,
1,,,,1.0,0.4,Overshadowing_4,0.9460000000000001,0.15399999999999997,0.34,0.1,0.34,0.1,0.85,0.25,
2,,,,1.0,0.4,Overshadowing_4,1.0,0.01,0.589744,0.15544,0.24974400000000002,0.05543999999999999,0.85,0.25,
3,,,,1.0,0.4,Overshadowing_4,1.0,0.01,0.7538464,0.15881824,0.16410239999999998,0.00337824,0.85,0.25,
4,,,,1.0,0.4,Overshadowing_4,1.0,0.01,0.85230784,0.16218296704,0.09846144,0.00336472704,0.85,0.25,
5,,,,1.0,0.4,Overshadowing_4,1.0,0.01,0.911384704,0.16553423517184,0.059076863999999986,0.00335126813184,0.85,0.25,
6,,,,1.0,0.4,Overshadowing_4,1.0,0.01,0.9468308224,0.16887209823115262,0.03544611839999998,0.0033378630593126402,0.85,0.25,
7,,,,1.0,0.4,Overshadowing_4,1.0,0.01,0.96809849344,0.17219660983822802,0.02126767103999998,0.0033245116070753896,0.85,0.25,
8,,,,1.0,0.4,Overshadowing_4,1.0,0.01,0.980859096064,0.1755078233988751,0.012760602624000007,0.0033112135606470877,0.85,0.25,
9,,,,1.0,0.4,Overshadowing_4,1.0,0.01,0.9885154576384,0.1788057921052796,0.007656361574399995,0.003297968706404499,0.85,0.25,
10,,,,1.0,0.4,Overshadowing_4,1.0,0.01,0.99310927458304,0.1820905689368585,0.004593816944640006,0.003284776831578882,0.85,0.25,
11,,,,1.0,0.4,Overshadowing_4,1.0,0.01,0.995865564749824,0.18536220666111106,0.0027562901667840035,0.0032716377242525663,0.85,0.25,
12,,,,1.0,0.4,Overshadowing_4,1.0,0.01,0.9975193388498944,0.1886207578344666,0.0016537741000703932,0.0032585511733555558,0.85,0.25,
13,,,,1.0,0.4,Overshadowing_4,1.0,0.01,0.9985116033099366,0.19186627480312873,0.000992264460042236,0.0032455169686621335,0.85,0.25,
14,,,,1.0,0.4,Overshadowing_4,1.0,0.01,0.9991069619859619,0.19509880970391622,0.0005953586760253593,0.003232534900787485,0.85,0.25,
15,,,,1.0,0.4,Overshadowing_4,1.0,0.01,0.9994641771915772,0.19831841446510054,0.0003572152056152245,0.0032196047611843352,0.85,0.25,
16,,,,1.0,0.4,Overshadowing_4,1.0,0.01,0.9996785063149464,0.20152514080724013,0.00021432912336911692,0.003206726342139598,0.85,0.25,
17,,,,1.0,0.4,Overshadowing_4,1.0,0.01,0.9998071037889679,0.20471904024401116,0.0001285974740214524,0.0031938994367710395,0.85,0.25,
18,,,,1.0,0.4,Overshadowing_4,1.0,0.01,0.9998842622733807,0.20790016408303513,7.715848441285367e-05,0.0031811238390239555,0.85,0.25,
19,,,,1.0,0.4,Overshadowing_4,1.0,0.01,0.9999305573640284,0.211068563426703,4.629509064772997e-05,0.0031683993436678595,0.85,0.25,
20,,,,1.0,0.4,Overshadowing_4,1.0,0.01,0.999958334418417,0.21422428917299619,2.7777054388655745e-05,0.003155725746293188,0.85,0.25,
21,,,,1.0,0.4,Overshadowing_4,1.0,0.01,0.9999750006510502,0.2173673920163042,1.666623263321121e-05,0.0031431028433080155,0.85,0.25,
22,,,,1.0,0.4,Overshadowing_4,1.0,0.01,0.9999850003906301,0.220497922448239,9.999739579935607e-06,0.0031305304319347834,0.85,0.25,
23,,,,1.0,0.4,Overshadowing_4,1.0,0.01,0.999991000234378,0.22361593075844602,5.999843747961365e-06,0.0031180083102070443,0.85,0.25,
24,,,,1.0,0.4,Overshadowing_4,1.0,0.01,0.9999946001406268,0.22672146703541224,3.5999062487857004e-06,0.003105536276966216,0.85,0.25,
25,,,,1.0,0.4,Overshadowing_4,1.0,0.01,0.9999967600843761,0.22981458116727058,2.159943749280302e-06,0.0030931141318583507,0.85,0.25,
26,,,,1.0,0.4,Overshadowing_4,1.0,0.01,0.9999980560506256,0.2328953228426015,1.2959662495592995e-06,0.0030807416753309176,0.85,0.25,
27,,,,1.0,0.4,Overshadowing_4,1.0,0.01,0.9999988336303753,0.2359637415512311,7.775797497444615e-07,0.003068418708629594,0.85,0.25,
28,,,,1.0,0.4,Overshadowing_4,1.0,0.01,0.9999993001782252,0.23901988658502618,4.6654784986444046e-07,0.0030561450337950754,0.85,0.25,
29,,,,1.0,0.4,Overshadowing_4,1.0,0.01,0.9999995801069351,0.24206380703868607,2.799287099009007e-07,0.0030439204536598955,0.85,0.25,
30,,,,1.0,0.4,Overshadowing_4,1.0,0.01,0.999999748064161,0.24509555181053133,1.679572259494222e-07,0.003031744771845256,0.85,0.25,
1,,,,1.0,0.5,Overshadowing_5,0.9,0.01,0.375,0.075,0.375,0.075,0.75,0.15,
2,,,,1.0,0.5,Overshadowing_5,1.0,0.01,0.65625,0.079625,0.28125,0.004625000000000001,0.75,0.15,
3,,,,1.0,0.5,Overshadowing_5,1.0,0.01,0.828125,0.084226875,0.171875,0.004601875,0.75,0.15,
4,,,,1.0,0.5,Overshadowing_5,1.0,0.01,0.9140625,0.088805740625,0.0859375,0.004578865625,0.75,0.15,
5,,,,1.0,0.5,Overshadowing_5,1.0,0.01,0.95703125,0.093361711921875,0.04296875,0.004555971296875,0.75,0.15,
6,,,,1.0,0.5,Overshadowing_5,1.0,0.01,0.978515625,0.09789490336226563,0.021484375,0.004533191440390625,0.75,0.15,
7,,,,1.0,0.5,Overshadowing_5,1.0,0.01,0.9892578125,0.1024054288454543,0.0107421875,0.004510525483188672,0.75,0.15,
8,,,,1.0,0.5,Overshadowing_5,1.0,0.01,0.99462890625,0.10689340170122702,0.00537109375,0.0044879728557727285,0.75,0.15,
9,,,,1.0,0.5,Overshadowing_5,1.0,0.01,0.997314453125,0.11135893469272089,0.002685546875,0.004465532991493865,0.75,0.15,
10,,,,1.0,0.5,Overshadowing_5,1.0,0.01,0.9986572265625,0.11580214001925729,0.0013427734375,0.0044432053265363956,0.75,0.15,
11,,,,1.0,0.5,Overshadowing_5,1.0,0.01,0.99932861328125,0.120223129319161,0.00067138671875,0.004420989299903714,0.75,0.15,
12,,,,1.0,0.5,Overshadowing_5,1.0,0.01,0.999664306640625,0.1246220136725652,0.000335693359375,0.004398884353404195,0.75,0.15,
13,,,,1.0,0.5,Overshadowing_5,1.0,0.01,0.9998321533203125,0.12899890360420238,0.0001678466796875,0.004376889931637174,0.75,0.15,
14,,,,1.0,0.5,Overshadowing_5,1.0,0.01,0.9999160766601562,0.13335390908618136,8.392333984375e-05,0.004355005481978988,0.75,0.15,
15,,,,1.0,0.5,Overshadowing_5,1.0,0.01,0.9999580383300781,0.13768713954075046,4.1961669921875e-05,0.004333230454569093,0.75,0.15,
16,,,,1.0,0.5,Overshadowing_5,1.0,0.01,0.9999790191650391,0.14199870384304672,2.09808349609375e-05,0.004311564302296248,0.75,0.15,
17,,,,1.0,0.5,Overshadowing_5,1.0,0.01,0.9999895095825195,0.14628871032383148,1.049041748046875e-05,0.004290006480784767,0.75,0.15,
18,,,,1.0,0.5,Overshadowing_5,1.0,0.01,0.9999947547912598,0.15055726677221232,5.245208740234375e-06,0.004268556448380843,0.75,0.15,
19,,,,1.0,0.5,Overshadowing_5,1.0,0.01,0.9999973773956299,0.15480448043835127,2.6226043701171875e-06,0.004247213666138938,0.75,0.15,
20,,,,1.0,0.5,Overshadowing_5,1.0,0.01,0.9999986886978149,0.1590304580361595,1.3113021850585938e-06,0.0042259775978082436,0.75,0.15,
21,,,,1.0,0.5,Overshadowing_5,1.0,0.01,0.9999993443489075,0.16323530574597872,6.556510925292969e-07,0.004204847709819203,0.75,0.15,
22,,,,1.0,0.5,Overshadowing_5,1.0,0.01,0.9999996721744537,0.16741912921724883,3.2782554626464844e-07,0.004183823471270106,0.75,0.15,
23,,,,1.0,0.5,Overshadowing_5,1.0,0.01,0.9999998360872269,0.17158203357116258,1.6391277313232422e-07,0.004162904353913755,0.75,0.15,
24,,,,1.0,0.5,Overshadowing_5,1.0,0.01,0.9999999180436134,0.17572412340330676,8.195638656616211e-08,0.004142089832144187,0.75,0.15,
25,,,,1.0,0.5,Overshadowing_5,1.0,0.01,0.9999999590218067,0.17984550278629022,4.0978193283081055e-08,0.004121379382983466,0.75,0.15,
26,,,,1.0,0.5,Overshadowing_5,1.0,0.01,0.9999999795109034,0.18394627527235877,2.0489096641540527e-08,0.004100772486068549,0.75,0.15,
27,,,,1.0,0.5,Overshadowing_5,1.0,0.01,0.9999999897554517,0.18802654389599696,1.0244548320770264e-08,0.004080268623638207,0.75,0.15,
28,,,,1.0,0.5,Overshadowing_5,1.0,0.01,0.9999999948777258,0.19208641117651698,5.122274160385132e-09,0.004059867280520015,0.75,0.15,
29,,,,1.0,0.5,Overshadowing_5,1.0,0.01,0.9999999974388629,0.1961259791206344,2.561137080192566e-09,0.004039567944117415,0.75,0.15,
30,,,,1.0,0.5,Overshadowing_5,1.0,0.01,0.9999999987194315,0.20014534922503122,1.280568540096283e-09,0.0040193701043968275,0.75,0.15,
1,,,,1.0,0.1,Blocking_1,0.505,0.5,0.05,0.0,0.05,0.0,,,Phase1
2,,,,1.0,0.1,Blocking_1,0.5147975,0.5,0.097975,0.0,0.047975000000000004,0.0,,,Phase1
3,,,,1.0,0.1,Blocking_1,0.529238602149375,0.5,0.14441102149375,0.0,0.04643602149375,0.0,,,Phase1
4,,,,1.0,0.1,Blocking_1,0.5482078114487406,0.5,0.18969209299365597,0.0,0.04528107149990594,0.0,,,Phase1
5,,,,1.0,0.1,Blocking_1,0.5716191919911018,0.5,0.2341138054236117,0.0,0.044421712429955754,0.0,,,Phase1
6,,,,1.0,0.1,Blocking_1,0.5994085250104719,0.5,0.2778933301937012,0.0,0.043779524770089485,0.0,,,Phase1
7,,,,1.0,0.1,Blocking_1,0.6315262269683303,0.5,0.32117701957858297,0.0,0.043283689384881745,0.0,,,Phase1
8,,,,1.0,0.1,Blocking_1,0.667930874082238,0.5,0.3640464711390764,0.0,0.04286945156049342,0.0,,,Phase1
9,,,,1.0,0.1,Blocking_1,0.7085832511602232,0.5,0.40652377077985247,0.0,0.042477299640776046,0.0,,,Phase1
10,,,,1.0,0.1,Blocking_1,0.7534409013980797,0.5,0.44857650237856467,0.0,0.04205273159871221,0.0,,,Phase1
11,,,,1.0,0.1,Blocking_1,0.8024532018069359,0.5,0.4901230040885623,0.0,0.041546501709997616,0.0,,,Phase1
12,,,,1.0,0.1,Blocking_1,0.8555570264947605,0.5,0.5310382468782459,0.0,0.040915242789683524,0.0,,,Phase1
13,,,,1.0,0.1,Blocking_1,0.9126730864129913,0.5,0.5711605991823077,0.0,0.0401223523040618,0.0,,,Phase1
14,,,,1.0,0.1,Blocking_1,0.9737030481264198,0.5,0.6102996171342858,0.0,0.03913901795197811,0.0,,,Phase1
15,,,,1.0,0.1,Blocking_1,1.0,0.5,0.6482448621995237,0.0,0.03794524506523787,0.0,,,Phase1
16,,,,1.0,0.1,Blocking_1,1.0,0.5,0.6834203759795714,0.0,0.03517551378004763,0.0,,,Phase1
17,,,,1.0,0.1,Blocking_1,1.0,0.5,0.7150783383816143,0.0,0.03165796240204286,0.0,,,Phase1
18,,,,1.0,0.1,Blocking_1,1.0,0.5,0.7435705045434529,0.0,0.028492166161838573,0.0,,,Phase1
19,,,,1.0,0.1,Blocking_1,1.0,0.5,0.7692134540891076,0.0,0.025642949545654714,0.0,,,Phase1
20,,,,1.0,0.1,Blocking_1,1.0,0.5,0.7922921086801968,0.0,0.023078654591089244,0.0,,,Phase1
21,,,,1.0,0.1,Blocking_1,1.0,0.42369371021878227,0.8130628978121771,0.05,0.020770789131980317,0.05,,,Phase2
22,,,,1.0,0.1,Blocking_1,1.0,0.34954313966276473,0.8317566080309594,0.09025090247078432,0.01869371021878229,0.04025090247078432,,,Phase2
23,,,,1.0,0.1,Blocking_1,1.0,0.2768901007456141,0.8485809472278635,0.1220505580563572,0.01682433919690406,0.031799655585572885,,,Phase2
24,,,,1.0,0.1,Blocking_1,1.0,0.20515382639503543,0.8637228525050771,0.1463601089992903,0.015141905277213652,0.024309550942933095,,,Phase2
25,,,,1.0,0.1,Blocking_1,1.0,0.1338060554695299,0.8773505672545694,0.16387285799951395,0.013627714749492294,0.01751274900022366,,,Phase2
26,,,,1.0,0.1,Blocking_1,1.0,0.062350578963991,0.8896155105291125,0.1750607454737236,0.012264943274543062,0.011187887474209655,,,Phase2
27,,,,1.0,0.1,Blocking_1,1.0,0.01,0.9006539594762012,0.18020428948670725,0.011038448947088754,0.005143544012983647,,,Phase2
28,,,,1.0,0.1,Blocking_1,1.0,0.01,0.9105885635285811,0.18102408519722055,0.009934604052379881,0.0008197957105132927,,,Phase2
29,,,,1.0,0.1,Blocking_1,1.0,0.01,0.919529707175723,0.18184306111202334,0.008941143647141893,0.0008189759148027794,,,Phase2
30,,,,1.0,0.1,Blocking_1,1.0,0.01,0.9275767364581508,0.18266121805091132,0.008047029282427698,0.0008181569388879767,,,Phase2
31,,,,1.0,0.1,Blocking_1,1.0,0.01,0.9348190628123356,0.1834785568328604,0.007242326354184925,0.0008173387819490887,,,Phase2
32,,,,1.0,0.1,Blocking_1,1.0,0.01,0.9413371565311021,0.18429507827602754,0.006518093718766438,0.0008165214431671397,,,Phase2
33,,,,1.0,0.1,Blocking_1,1.0,0.01,0.9472034408779919,0.1851107831977515,0.005866284346889794,0.0008157049217239725,,,Phase2
34,,,,1.0,0.1,Blocking_1,1.0,0.01,0.9524830967901927,0.18592567241455377,0.005279655912200809,0.0008148892168022485,,,Phase2
35,,,,1.0,0.1,Blocking_1,1.0,0.01,0.9572347871111735,0.18673974674213922,0.004751690320980728,0.0008140743275854463,,,Phase2
36,,,,1.0,0.1,Blocking_1,1.0,0.01,0.9615113084000562,0.1875530069953971,0.0042765212888826514,0.0008132602532578608,,,Phase2
37,,,,1.0,0.1,Blocking_1,1.0,0.01,0.9653601775600505,0.18836545398840168,0.0038488691599943836,0.0008124469930046029,,,Phase2
38,,,,1.0,0.1,Blocking_1,1.0,0.01,0.9688241598040455,0.18917708853441328,0.0034639822439949453,0.0008116345460115983,,,Phase2
39,,,,1.0,0.1,Blocking_1,1.0,0.01,0.971941743823641,0.18998791144587887,0.0031175840195954542,0.0008108229114655867,,,Phase2
40,,,,1.0,0.1,Blocking_1,1.0,0.01,0.9747475694412768,0.19079792353443298,0.0028058256176359043,0.0008100120885541211,,,Phase2
1,,,,1.0,0.2,Blocking_2,0.52,0.5,0.1,0.0,0.1,0.0,,,Phase1
2,,,,1.0,0.2,Blocking_2,0.55872,0.5,0.19360000000000002,0.0,0.09360000000000002,0.0,,,Phase1
3,,,,1.0,0.2,Blocking_2,0.61546207232,0.5,0.2837103616,0.0,0.09011036160000001,0.0,,,Phase1
4,,,,1.0,0.2,Blocking_2,0.6898381088492404,0.5,0.3718801826462015,0.0,0.0881698210462015,0.0,,,Phase1
5,,,,1.0,0.2,Blocking_2,0.7815461848558436,0.5,0.45854038003301645,0.0,0.08666019738681494,0.0,,,Phase1
6,,,,1.0,0.2,Blocking_2,0.8901812888719945,0.5,0.5431755200807546,0.0,0.08463514004773819,0.0,,,Phase1
7,,,,1.0,0.2,Blocking_2,1.0,0.5,0.6245068409453132,0.0,0.08133132086455848,0.0,,,Phase1
8,,,,1.0,0.2,Blocking_2,1.0,0.5,0.6996054727562505,0.0,0.07509863181093737,0.0,,,Phase1
9,,,,1.0,0.2,Blocking_2,1.0,0.5,0.7596843782050005,0.0,0.0600789054487499,0.0,,,Phase1
10,,,,1.0,0.2,Blocking_2,1.0,0.5,0.8077475025640004,0.0,0.04806312435899991,0.0,,,Phase1
11,,,,1.0,0.2,Blocking_2,1.0,0.5,0.8461980020512003,0.0,0.03845049948719992,0.0,,,Phase1
12,,,,1.0,0.2,Blocking_2,1.0,0.5,0.8769584016409603,0.0,0.030760399589759936,0.0,,,Phase1
13,,,,1.0,0.2,Blocking_2,1.0,0.5,0.9015667213127683,0.0,0.024608319671807946,0.0,,,Phase1
14,,,,1.0,0.2,Blocking_2,1.0,0.5,0.9212533770502146,0.0,0.019686655737446348,0.0,,,Phase1
15,,,,1.0,0.2,Blocking_2,1.0,0.5,0.9370027016401716,0.0,0.015749324589957082,0.0,,,Phase1
16,,,,1.0,0.2,Blocking_2,1.0,0.5,0.9496021613121373,0.0,0.012599459671965674,0.0,,,Phase1
17,,,,1.0,0.2,Blocking_2,1.0,0.5,0.9596817290497098,0.0,0.01007956773757255,0.0,,,Phase1
18,,,,1.0,0.2,Blocking_2,1.0,0.5,0.9677453832397679,0.0,0.008063654190058034,0.0,,,Phase1
19,,,,1.0,0.2,Blocking_2,1.0,0.5,0.9741963065918143,0.0,0.006450923352046423,0.0,,,Phase1
20,,,,1.0,0.2,Blocking_2,1.0,0.5,0.9793570452734515,0.0,0.005160738681637134,0.0,,,Phase1
21,,,,1.0,0.2,Blocking_2,1.0,0.32330287275624775,0.9834856362187612,0.1,0.004128590945309707,0.1,,,Phase2
22,,,,1.0,0.2,Blocking_2,1.0,0.1575840743804709,0.9867885089750089,0.15819451709612461,0.003302872756247766,0.0581945170961246,,,Phase2
23,,,,1.0,0.2,Blocking_2,1.0,0.01,0.9894308071800071,0.1847255446624871,0.002642298204998217,0.026531027566362504,,,Phase2
24,,,,1.0,0.2,Blocking_2,1.0,0.01,0.9915446457440057,0.18635609357316213,0.0021138385639985825,0.0016305489106750257,,,Phase2
25,,,,1.0,0.2,Blocking_2,1.0,0.01,0.9932357165952046,0.1879833813860158,0.0016910708511988616,0.001627287812853676,,,Phase2
26,,,,1.0,0.2,Blocking_2,1.0,0.01,0.9945885732761637,0.18960741462324376,0.0013528566809590803,0.0016240332372279684,,,Phase2
27,,,,1.0,0.2,Blocking_2,1.0,0.01,0.995670858620931,0.19122819979399727,0.0010822853447672643,0.0016207851707535125,,,Phase2
28,,,,1.0,0.2,Blocking_2,1.0,0.01,0.9965366868967448,0.19284574339440927,0.000865828275813807,0.0016175436004120054,,,Phase2
29,,,,1.0,0.2,Blocking_2,1.0,0.01,0.9972293495173958,0.19446005190762045,0.0006926626206510411,0.0016143085132111815,,,Phase2
30,,,,1.0,0.2,Blocking_2,1.0,0.01,0.9977834796139167,0.1960711318038052,0.0005541300965208329,0.001611079896184759,,,Phase2
31,,,,1.0,0.2,Blocking_2,1.0,0.01,0.9982267836911334,0.19767898954019758,0.0004433040772166663,0.0016078577363923896,,,Phase2
32,,,,1.0,0.2,Blocking_2,1.0,0.01,0.9985814269529067,0.1992836315611172,0.0003546432617733242,0.001604642020919605,,,Phase2
33,,,,1.0,0.2,Blocking_2,1.0,0.01,0.9988651415623254,0.20088506429799496,0.0002837146094186505,0.0016014327368777657,,,Phase2
34,,,,1.0,0.2,Blocking_2,1.0,0.01,0.9990921132498604,0.20248329416939898,0.00022697168753491593,0.0015982298714040102,,,Phase2
35,,,,1.0,0.2,Blocking_2,1.0,0.01,0.9992736905998882,0.20407832758106018,0.0001815773500279283,0.001595033411661202,,,Phase2
36,,,,1.0,0.2,Blocking_2,1.0,0.01,0.9994189524799106,0.20567017092589807,0.00014526188002235153,0.0015918433448378797,,,Phase2
37,,,,1.0,0.2,Blocking_2,1.0,0.01,0.9995351619839286,0.20725883058404626,0.00011620950401787234,0.0015886596581482038,,,Phase2
38,,,,1.0,0.2,Blocking_2,1.0,0.01,0.9996281295871429,0.20884431292287817,9.296760321428899e-05,0.0015854823388319074,,,Phase2
39,,,,1.0,0.2,Blocking_2,1.0,0.01,0.9997025036697142,0.2104266242970324,7.437408257142675e-05,0.0015823113741542437,,,Phase2
40,,,,1.0,0.2,Blocking_2,1.0,0.01,0.9997620029357714,0.21200577104843835,5.9499266057150284e-05,0.0015791467514059353,,,Phase2
1,,,,1.0,0.3,Blocking_3,0.545,0.5,0.15,0.0,0.15,0.0,,,Phase1
2,,,,1.0,0.3,Blocking_3,0.6316925,0.5,0.288975,0.0,0.13897500000000002,0.0,,,Phase1
3,,,,1.0,0.3,Blocking_3,0.758808424383125,0.5,0.42371974794375,0.0,0.13474474794375,0.0,,,Phase1
4,,,,1.0,0.3,Blocking_3,0.9252801166721822,0.5,0.554905640963524,0.0,0.13118589301977396,0.0,,,Phase1
5,,,,1.0,0.3,Blocking_3,1.0,0.5,0.6784567291013442,0.0,0.1235510881378202,0.0,,,Phase1
6,,,,1.0,0.3,Blocking_3,1.0,0.5,0.774919710370941,0.0,0.09646298126959672,0.0,,,Phase1
7,,,,1.0,0.3,Blocking_3,1.0,0.5,0.8424437972596587,0.0,0.06752408688871771,0.0,,,Phase1
8,,,,1.0,0.3,Blocking_3,1.0,0.5,0.8897106580817611,0.0,0.047266860822102394,0.0,,,Phase1
9,,,,1.0,0.3,Blocking_3,1.0,0.5,0.9227974606572328,0.0,0.033086802575471676,0.0,,,Phase1
10,,,,1.0,0.3,Blocking_3,1.0,0.5,0.9459582224600629,0.0,0.023160761802830165,0.0,,,Phase1
11,,,,1.0,0.3,Blocking_3,1.0,0.5,0.962170755722044,0.0,0.016212533261981132,0.0,,,Phase1
12,,,,1.0,0.3,Blocking_3,1.0,0.5,0.9735195290054308,0.0,0.011348773283386793,0.0,,,Phase1
13,,,,1.0,0.3,Blocking_3,1.0,0.5,0.9814636703038015,0.0,0.007944141298370755,0.0,,,Phase1
14,,,,1.0,0.3,Blocking_3,1.0,0.5,0.9870245692126611,0.0,0.005560898908859535,0.0,,,Phase1
15,,,,1.0,0.3,Blocking_3,1.0,0.5,0.9909171984488628,0.0,0.003892629236201661,0.0,,,Phase1
16,,,,1.0,0.3,Blocking_3,1.0,0.5,0.993642038914204,0.0,0.0027248404653411494,0.0,,,Phase1
17,,,,1.0,0.3,Blocking_3,1.0,0.5,0.9955494272399428,0.0,0.0019073883257388013,0.0,,,Phase1
18,,,,1.0,0.3,Blocking_3,1.0,0.5,0.9968845990679599,0.0,0.0013351718280171676,0.0,,,Phase1
19,,,,1.0,0.3,Blocking_3,1.0,0.5,0.9978192193475719,0.0,0.0009346202796120306,0.0,,,Phase1
20,,,,1.0,0.3,Blocking_3,1.0,0.5,0.9984734535433003,0.0,0.0006542341957284315,0.0,,,Phase1
21,,,,1.0,0.3,Blocking_3,1.0,0.24532057475590696,0.9989314174803102,0.15,0.00045796393700990866,0.15,,,Phase2
22,,,,1.0,0.3,Blocking_3,1.0,0.01,0.9992519922362172,0.21255674656275628,0.0003205747559069327,0.06255674656275628,,,Phase2
23,,,,1.0,0.3,Blocking_3,1.0,0.01,0.999476394565352,0.214919076323068,0.00022440232913484293,0.0023623297603117314,,,Phase2
24,,,,1.0,0.3,Blocking_3,1.0,0.01,0.9996334761957464,0.2172743190940988,0.0001570816303944067,0.002355242771030796,,,Phase2
25,,,,1.0,0.3,Blocking_3,1.0,0.01,0.9997434333370224,0.2196224961368165,0.00010995714127608468,0.002348177042717704,,,Phase2
26,,,,1.0,0.3,Blocking_3,1.0,0.01,0.9998204033359157,0.22196362864840605,7.696999889327261e-05,0.0023411325115895503,,,Phase2
27,,,,1.0,0.3,Blocking_3,1.0,0.01,0.999874282335141,0.22429773776246084,5.3878999225287495e-05,0.002334109114054782,,,Phase2
28,,,,1.0,0.3,Blocking_3,1.0,0.01,0.9999119976345987,0.22662484454917345,3.7715299457707906e-05,0.0023271067867126176,,,Phase2
29,,,,1.0,0.3,Blocking_3,1.0,0.01,0.999938398344219,0.22894497001552594,2.6400709620388873e-05,0.0023201254663524798,,,Phase2
30,,,,1.0,0.3,Blocking_3,1.0,0.01,0.9999568788409533,0.23125813510547935,1.8480496734285533e-05,0.002313165089953422,,,Phase2
31,,,,1.0,0.3,Blocking_3,1.0,0.01,0.9999698151886673,0.23356436070016293,1.2936347714009866e-05,0.0023062255946835622,,,Phase2
32,,,,1.0,0.3,Blocking_3,1.0,0.01,0.9999788706320671,0.23586366761806243,9.055443399796914e-06,0.0022993069178995113,,,Phase2
33,,,,1.0,0.3,Blocking_3,1.0,0.01,0.999985209442447,0.23815607661520824,6.33881037985784e-06,0.0022924089971458127,,,Phase2
34,,,,1.0,0.3,Blocking_3,1.0,0.01,0.9999896466097129,0.2404416083853626,4.43716726591381e-06,0.0022855317701543755,,,Phase2
35,,,,1.0,0.3,Blocking_3,1.0,0.01,0.999992752626799,0.24272028356020653,3.106017086129675e-06,0.002278675174843912,,,Phase2
36,,,,1.0,0.3,Blocking_3,1.0,0.01,0.9999949268387593,0.24499212270952592,2.1742119603040955e-06,0.0022718391493193805,,,Phase2
37,,,,1.0,0.3,Blocking_3,1.0,0.01,0.9999964487871316,0.24725714634139734,1.5219483721962134e-06,0.002265023631871422,,,Phase2
38,,,,1.0,0.3,Blocking_3,1.0,0.01,0.9999975141509921,0.24951537490237313,1.0653638605306881e-06,0.002258228560975808,,,Phase2
39,,,,1.0,0.3,Blocking_3,1.0,0.01,0.9999982599056945,0.25176682877766604,7.45754702358159e-07,0.0022514538752928808,,,Phase2
40,,,,1.0,0.3,Blocking_3,1.0,0.01,0.9999987819339862,0.25401152829133306,5.220282916607032e-07,0.002244699513667002,,,Phase2
1,,,,1.0,0.4,Blocking_4,0.58,0.5,0.2,0.0,0.2,0.0,,,Phase1
2,,,,1.0,0.4,Blocking_4,0.73424,0.5,0.3856,0.0,0.1856,0.0,,,Phase1
3,,,,1.0,0.4,Blocking_4,0.96065872896,0.5,0.5660468224,0.0,0.1804468224,0.0,,,Phase1
4,,,,1.0,0.4,Blocking_4,1.0,0.5,0.7327991856085477,0.0,0.16675236320854767,0.0,,,Phase1
5,,,,1.0,0.4,Blocking_4,1.0,0.5,0.8396795113651286,0.0,0.10688032575658091,0.0,,,Phase1
6,,,,1.0,0.4,Blocking_4,1.0,0.5,0.9038077068190772,0.0,0.06412819545394854,0.0,,,Phase1
7,,,,1.0,0.4,Blocking_4,1.0,0.5,0.9422846240914463,0.0,0.03847691727236913,0.0,,,Phase1
8,,,,1.0,0.4,Blocking_4,1.0,0.5,0.9653707744548677,0.0,0.023086150363421477,0.0,,,Phase1
9,,,,1.0,0.4,Blocking_4,1.0,0.5,0.9792224646729206,0.0,0.013851690218052904,0.0,,,Phase1
10,,,,1.0,0.4,Blocking_4,1.0,0.5,0.9875334788037524,0.0,0.008311014130831752,0.0,,,Phase1
11,,,,1.0,0.4,Blocking_4,1.0,0.5,0.9925200872822515,0.0,0.004986608478499033,0.0,,,Phase1
12,,,,1.0,0.4,Blocking_4,1.0,0.5,0.9955120523693509,0.0,0.002991965087099402,0.0,,,Phase1
13,,,,1.0,0.4,Blocking_4,1.0,0.5,0.9973072314216106,0.0,0.0017951790522596324,0.0,,,Phase1
14,,,,1.0,0.4,Blocking_4,1.0,0.5,0.9983843388529664,0.0,0.0010771074313557615,0.0,,,Phase1
15,,,,1.0,0.4,Blocking_4,1.0,0.5,0.9990306033117798,0.0,0.0006462644588134392,0.0,,,Phase1
16,,,,1.0,0.4,Blocking_4,1.0,0.5,0.9994183619870679,0.0,0.0003877586752880635,0.0,,,Phase1
17,,,,1.0,0.4,Blocking_4,1.0,0.5,0.9996510171922407,0.0,0.00023265520517283813,0.0,,,Phase1
18,,,,1.0,0.4,Blocking_4,1.0,0.5,0.9997906103153444,0.0,0.00013959312310372063,0.0,,,Phase1
19,,,,1.0,0.4,Blocking_4,1.0,0.5,0.9998743661892067,0.0,8.37558738622235e-05,0.0,,,Phase1
20,,,,1.0,0.4,Blocking_4,1.0,0.5,0.999924619713524,0.0,5.02535243173341e-05,0.0,,,Phase1
21,,,,1.0,0.4,Blocking_4,1.0,0.18001809126875418,0.9999547718281144,0.2,3.015211459040934e-05,0.2,,,Phase2
22,,,,1.0,0.4,Blocking_4,1.0,0.01,0.9999728630968686,0.25760578920600136,1.809126875422784e-05,0.05760578920600134,,,Phase2
23,,,,1.0,0.4,Blocking_4,1.0,0.01,0.9999837178581211,0.26057536604917736,1.0854761252554469e-05,0.002969576843175995,,,Phase2
24,,,,1.0,0.4,Blocking_4,1.0,0.01,0.9999902307148727,0.26353306458498066,6.512856751550445e-06,0.0029576985358032905,,,Phase2
25,,,,1.0,0.4,Blocking_4,1.0,0.01,0.9999941384289236,0.2664789323266407,3.907714050921385e-06,0.002945867741660077,,,Phase2
26,,,,1.0,0.4,Blocking_4,1.0,0.01,0.9999964830573541,0.26941301659733413,2.344628430561713e-06,0.002934084270693437,,,Phase2
27,,,,1.0,0.4,Blocking_4,1.0,0.01,0.9999978898344125,0.2723353645309448,1.4067770583547912e-06,0.0029223479336106637,,,Phase2
28,,,,1.0,0.4,Blocking_4,1.0,0.01,0.9999987339006475,0.27524602307282103,8.440662349951112e-07,0.002910658541876221,,,Phase2
29,,,,1.0,0.4,Blocking_4,1.0,0.01,0.9999992403403886,0.2781450389805297,5.064397409881849e-07,0.0028990159077087155,,,Phase2
30,,,,1.0,0.4,Blocking_4,1.0,0.01,0.9999995442042331,0.2810324588246076,3.038638445751474e-07,0.002887419844077881,,,Phase2
31,,,,1.0,0.4,Blocking_4,1.0,0.01,0.9999997265225399,0.2839083289893092,1.82318306762852e-07,0.0028758701647015696,,,Phase2
32,,,,1.0,0.4,Blocking_4,1.0,0.01,0.9999998359135239,0.28677269567335195,1.0939098404882941e-07,0.0028643666840427635,,,Phase2
33,,,,1.0,0.4,Blocking_4,1.0,0.01,0.9999999015481144,0.28962560489065853,6.563459042929765e-08,0.0028529092173065923,,,Phase2
34,,,,1.0,0.4,Blocking_4,1.0,0.01,0.9999999409288686,0.2924671024710959,3.938075425757859e-08,0.0028414975804373663,,,Phase2
35,,,,1.0,0.4,Blocking_4,1.0,0.01,0.9999999645573211,0.29529723406121156,2.362845257231072e-08,0.0028301315901156166,,,Phase2
36,,,,1.0,0.4,Blocking_4,1.0,0.01,0.9999999787343926,0.2981160451249667,1.4177071561150002e-08,0.002818811063755154,,,Phase2
37,,,,1.0,0.4,Blocking_4,1.0,0.01,0.9999999872406355,0.3009235809444668,8.50624295445357e-09,0.0028075358195001334,,,Phase2
38,,,,1.0,0.4,Blocking_4,1.0,0.01,0.9999999923443813,0.30371988662068894,5.103745781553926e-09,0.0027963056762221328,,,Phase2
39,,,,1.0,0.4,Blocking_4,1.0,0.01,0.9999999954066288,0.3065050070742062,3.06224747781414e-09,0.0027851204535172445,,,Phase2
40,,,,1.0,0.4,Blocking_4,1.0,0.01,0.9999999972439773,0.3092789870459094,1.837348495570268e-09,0.0027739799717031756,,,Phase2
1,,,,1.0,0.5,Blocking_5,0.625,0.5,0.25,0.0,0.25,0.0,,,Phase1
2,,,,1.0,0.5,Blocking_5,0.8671875,0.5,0.484375,0.0,0.234375,0.0,,,Phase1
3,,,,1.0,0.5,Blocking_5,1.0,0.5,0.70794677734375,0.0,0.22357177734375,0.0,,,Phase1
4,,,,1.0,0.5,Blocking_5,1.0,0.5,0.853973388671875,0.0,0.146026611328125,0.0,,,Phase1
5,,,,1.0,0.5,Blocking_5,1.0,0.5,0.9269866943359375,0.0,0.0730133056640625,0.0,,,Phase1
6,,,,1.0,0.5,Blocking_5,1.0,0.5,0.9634933471679688,0.0,0.03650665283203125,0.0,,,Phase1
7,,,,1.0,0.5,Blocking_5,1.0,0.5,0.9817466735839844,0.0,0.018253326416015625,0.0,,,Phase1
8,,,,1.0,0.5,Blocking_5,1.0,0.5,0.9908733367919922,0.0,0.009126663208007812,0.0,,,Phase1
9,,,,1.0,0.5,Blocking_5,1.0,0.5,0.9954366683959961,0.0,0.004563331604003906,0.0,,,Phase1
10,,,,1.0,0.5,Blocking_5,1.0,0.5,0.997718334197998,0.0,0.002281665802001953,0.0,,,Phase1
11,,,,1.0,0.5,Blocking_5,1.0,0.5,0.998859167098999,0.0,0.0011408329010009766,0.0,,,Phase1
12,,,,1.0,0.5,Blocking_5,1.0,0.5,0.9994295835494995,0.0,0.0005704164505004883,0.0,,,Phase1
13,,,,1.0,0.5,Blocking_5,1.0,0.5,0.9997147917747498,0.0,0.00028520822525024414,0.0,,,Phase1
14,,,,1.0,0.5,Blocking_5,1.0,0.5,0.9998573958873749,0.0,0.00014260411262512207,0.0,,,Phase1
15,,,,1.0,0.5,Blocking_5,1.0,0.5,0.9999286979436874,0.0,7.130205631256104e-05,0.0,,,Phase1
16,,,,1.0,0.5,Blocking_5,1.0,0.5,0.9999643489718437,0.0,3.565102815628052e-05,0.0,,,Phase1
17,,,,1.0,0.5,Blocking_5,1.0,0.5,0.9999821744859219,0.0,1.782551407814026e-05,0.0,,,Phase1
18,,,,1.0,0.5,Blocking_5,1.0,0.5,0.9999910872429609,0.0,8.91275703907013e-06,0.0,,,Phase1
19,,,,1.0,0.5,Blocking_5,1.0,0.5,0.9999955436214805,0.0,4.456378519535065e-06,0.0,,,Phase1
20,,,,1.0,0.5,Blocking_5,1.0,0.5,0.9999977718107402,0.0,2.2281892597675323e-06,0.0,,,Phase1
21,,,,1.0,0.5,Blocking_5,1.0,0.12500055704731494,0.9999988859053701,0.25,1.1140946298837662e-06,0.25,,,Phase2
22,,,,1.0,0.5,Blocking_5,1.0,0.01,0.9999994429526851,0.2968752088927431,5.570473149418831e-07,0.0468752088927431,,,Phase2
23,,,,1.0,0.5,Blocking_5,1.0,0.01,0.9999997214763425,0.3003908328482794,2.7852365747094154e-07,0.0035156239555362845,,,Phase2
24,,,,1.0,0.5,Blocking_5,1.0,0.01,0.9999998607381713,0.30388887868403797,1.3926182873547077e-07,0.003498045835758603,,,Phase2
25,,,,1.0,0.5,Blocking_5,1.0,0.01,0.9999999303690856,0.3073694342906178,6.963091436773539e-08,0.0034805556065798104,,,Phase2
26,,,,1.0,0.5,Blocking_5,1.0,0.01,0.9999999651845428,0.3108325871191647,3.481545718386769e-08,0.003463152828546911,,,Phase2
27,,,,1.0,0.5,Blocking_5,1.0,0.01,0.9999999825922714,0.3142784241835689,1.7407728591933846e-08,0.0034458370644041766,,,Phase2
28,,,,1.0,0.5,Blocking_5,1.0,0.01,0.9999999912961357,0.31770703206265105,8.703864295966923e-09,0.0034286078790821558,,,Phase2
29,,,,1.0,0.5,Blocking_5,1.0,0.01,0.9999999956480679,0.3211184969023378,4.351932147983462e-09,0.003411464839686745,,,Phase2
30,,,,1.0,0.5,Blocking_5,1.0,0.01,0.9999999978240339,0.3245129044178261,2.175966073991731e-09,0.0033944075154883112,,,Phase2
31,,,,1.0,0.5,Blocking_5,1.0,0.01,0.999999998912017,0.32789033989573696,1.0879830369958654e-09,0.0033774354779108695,,,Phase2
32,,,,1.0,0.5,Blocking_5,1.0,0.01,0.9999999994560085,0.33125088819625825,5.439915184979327e-10,0.0033605483005213154,,,Phase2
33,,,,1.0,0.5,Blocking_5,1.0,0.01,0.9999999997280042,0.334594633755277,2.7199575924896635e-10,0.003343745559018709,,,Phase2
34,,,,1.0,0.5,Blocking_5,1.0,0.01,0.9999999998640021,0.3379216605865006,1.3599787962448318e-10,0.003327026831223615,,,Phase2
35,,,,1.0,0.5,Blocking_5,1.0,0.01,0.9999999999320011,0.34123205228356807,6.799893981224159e-11,0.0033103916970674972,,,Phase2
36,,,,1.0,0.5,Blocking_5,1.0,0.01,0.9999999999660005,0.3445258920221502,3.3999469906120794e-11,0.0032938397385821596,,,Phase2
37,,,,1.0,0.5,Blocking_5,1.0,0.01,0.9999999999830003,0.3478032625620395,1.6999734953060397e-11,0.003277370539889249,,,Phase2
38,,,,1.0,0.5,Blocking_5,1.0,0.01,0.9999999999915001,0.3510642462492293,8.499867476530198e-12,0.0032609836871898023,,,Phase2
39,,,,1.0,0.5,Blocking_5,1.0,0.01,0.9999999999957501,0.3543089250179831,4.249933738265099e-12,0.0032446787687538535,,,Phase2
40,,,,1.0,0.5,Blocking_5,1.0,0.01,0.999999999997875,0.3575373803928932,2.1249668691325496e-12,0.003228455374910084,,,Phase2
